{
  "Audio": {
    "Volumes": {
      "Master": 0.1,
      "Music": 0.2,
      "SFX": 0.0
    },
    "Background": "Resources/Audio/Songs/tetris.mp3"
  },
  "GameObjects": [
    {
      "Type": "",
      "Components": [
        {
          "Type": "Transform",
          "Position": [ -6.997481346130371, 4.485192775726318, 28.149030685424806 ],
          "Scale": [ 1.0, 1.0, 1.0 ]
        },
        {
          "Type": "Camera",
          "Yaw": -67.80000305175781,
          "Pitch": 2.0,
          "MovementSpeed": 5.0,
          "MouseSensitivity": 0.10000000149011612,
          "Zoom": 45.0,
          "Near": 0.10000000149011612,
          "Far": 1000.0,
          "IsActive": true,
          "CameraType": 3,
          "ProjectionType": 0,
          "ViewPortPosition": [ 0, 0 ],
          "ViewPortSize": [ 1280, 720 ]
        }
      ]
    },
    {
      "Type": "",
      "Components": [
        {
          "Type": "Transform",
          "Position": [ 0.0, 40.0, 20.0 ],
          "Scale": [ 1.0, 1.0, 1.0 ]
        },
        {
          "Type": "Light",
          "Color": [ 1.0, 1.0, 1.0 ],
          "CastShadow": true,
          "ShadowMapSize": [ 1024.0, 1024.0 ],
          "ShadowMapNearPlane": 0.009999999776482582,
          "ShadowMapFarPlane": 128.0,
          "BlurDistance": 5,
          "Alpha": 0.009999999776482582,
          "MD": 0.5
        }
      ]
    }
  ]
}
